SUBJECT,START DATE,END DATE,ALL DAY EVENT
Day 1 - Day 001/188,2023/08/17,2023/08/17,True
Day 2 - Day 002/188,2023/08/20,2023/08/20,True
Day 3 - Day 003/188,2023/08/21,2023/08/21,True
Day 4 - Day 004/188,2023/08/22,2023/08/22,True
Day 5 - Day 005/188,2023/08/23,2023/08/23,True
Day 6 - Day 006/188,2023/08/24,2023/08/24,True
Day 7 - Day 007/188,2023/08/27,2023/08/27,True
Day 8 - Day 008/188,2023/08/28,2023/08/28,True
Day 1 - Day 009/188,2023/08/29,2023/08/29,True
Day 2 - Day 010/188,2023/08/30,2023/08/30,True
Day 3 - Day 011/188,2023/08/31,2023/08/31,True
Day 4 - Day 012/188,2023/09/03,2023/09/03,True
Day 5 - Day 013/188,2023/09/04,2023/09/04,True
Day 6 - Day 014/188,2023/09/05,2023/09/05,True
Day 7 - Day 015/188,2023/09/06,2023/09/06,True
Day 8 - Day 016/188,2023/09/07,2023/09/07,True
Day 1 - Day 017/188,2023/09/10,2023/09/10,True
Day 2 - Day 018/188,2023/09/11,2023/09/11,True
Day 3 - Day 019/188,2023/09/12,2023/09/12,True
Day 4 - Day 020/188,2023/09/13,2023/09/13,True
Day 5 - Day 021/188,2023/09/14,2023/09/14,True
Day 6 - Day 022/188,2023/09/17,2023/09/17,True
Day 7 - Day 023/188,2023/09/18,2023/09/18,True
Day 8 - Day 024/188,2023/09/19,2023/09/19,True
Day 1 - Day 025/188,2023/09/20,2023/09/20,True
Day 2 - Day 026/188,2023/09/21,2023/09/21,True
Day 3 - Day 027/188,2023/09/24,2023/09/24,True
Day 4 - Day 028/188,2023/09/25,2023/09/25,True
Day 5 - Day 029/188,2023/09/26,2023/09/26,True
Day 6 - Day 030/188,2023/09/27,2023/09/27,True
Day 7 - Day 031/188,2023/09/28,2023/09/28,True
Day 8 - Day 032/188,2023/10/01,2023/10/01,True
Day 1 - Day 033/188,2023/10/02,2023/10/02,True
Day 2 - Day 034/188,2023/10/03,2023/10/03,True
Day 3 - Day 035/188,2023/10/04,2023/10/04,True
Day 4 - Day 036/188,2023/10/05,2023/10/05,True
Day 5 - Day 037/188,2023/10/08,2023/10/08,True
Day 6 - Day 038/188,2023/10/09,2023/10/09,True
Day 7 - Day 039/188,2023/10/10,2023/10/10,True
Day 8 - Day 040/188,2023/10/11,2023/10/11,True
Day 1 - Day 041/188,2023/10/12,2023/10/12,True
Day 2 - Day 042/188,2023/10/15,2023/10/15,True
Day 3 - Day 043/188,2023/10/22,2023/10/22,True
Day 4 - Day 044/188,2023/10/23,2023/10/23,True
Day 5 - Day 045/188,2023/10/24,2023/10/24,True
Day 6 - Day 046/188,2023/10/25,2023/10/25,True
Day 7 - Day 047/188,2023/10/26,2023/10/26,True
Day 8 - Day 048/188,2023/10/29,2023/10/29,True
Day 1 - Day 049/188,2023/10/30,2023/10/30,True
Day 2 - Day 050/188,2023/10/31,2023/10/31,True
Day 3 - Day 051/188,2023/11/01,2023/11/01,True
Day 4 - Day 052/188,2023/11/02,2023/11/02,True
Day 5 - Day 053/188,2023/11/05,2023/11/05,True
Day 6 - Day 054/188,2023/11/06,2023/11/06,True
Day 7 - Day 055/188,2023/11/07,2023/11/07,True
Day 8 - Day 056/188,2023/11/08,2023/11/08,True
Day 1 - Day 057/188,2023/11/09,2023/11/09,True
Day 2 - Day 058/188,2023/11/12,2023/11/12,True
Day 3 - Day 059/188,2023/11/15,2023/11/15,True
Day 4 - Day 060/188,2023/11/16,2023/11/16,True
Day 5 - Day 061/188,2023/11/19,2023/11/19,True
Day 6 - Day 062/188,2023/11/20,2023/11/20,True
Day 7 - Day 063/188,2023/11/21,2023/11/21,True
Day 8 - Day 064/188,2023/11/22,2023/11/22,True
Day 1 - Day 065/188,2023/11/26,2023/11/26,True
Day 2 - Day 066/188,2023/11/27,2023/11/27,True
Day 3 - Day 067/188,2023/11/28,2023/11/28,True
Day 4 - Day 068/188,2023/11/29,2023/11/29,True
Day 5 - Day 069/188,2023/11/30,2023/11/30,True
Day 6 - Day 070/188,2023/12/03,2023/12/03,True
Day 7 - Day 071/188,2023/12/04,2023/12/04,True
Day 8 - Day 072/188,2023/12/05,2023/12/05,True
Day 1 - Day 073/188,2023/12/06,2023/12/06,True
Day 2 - Day 074/188,2023/12/07,2023/12/07,True
Day 3 - Day 075/188,2023/12/10,2023/12/10,True
Day 4 - Day 076/188,2023/12/11,2023/12/11,True
Day 5 - Day 077/188,2023/12/12,2023/12/12,True
Day 6 - Day 078/188,2023/12/13,2023/12/13,True
Day 7 - Day 079/188,2023/12/14,2023/12/14,True
Day 8 - Day 080/188,2023/12/17,2023/12/17,True
Day 1 - Day 081/188,2023/12/24,2023/12/24,True
Day 2 - Day 082/188,2023/12/31,2023/12/31,True
Day 3 - Day 083/188,2024/01/07,2024/01/07,True
Day 4 - Day 084/188,2024/01/08,2024/01/08,True
Day 5 - Day 085/188,2024/01/09,2024/01/09,True
Day 6 - Day 086/188,2024/01/10,2024/01/10,True
Day 7 - Day 087/188,2024/01/11,2024/01/11,True
Day 8 - Day 088/188,2024/01/14,2024/01/14,True
Day 1 - Day 089/188,2024/01/15,2024/01/15,True
Day 2 - Day 090/188,2024/01/16,2024/01/16,True
Day 3 - Day 091/188,2024/01/17,2024/01/17,True
Day 4 - Day 092/188,2024/01/18,2024/01/18,True
Day 5 - Day 093/188,2024/01/21,2024/01/21,True
Day 6 - Day 094/188,2024/01/22,2024/01/22,True
Day 7 - Day 095/188,2024/01/23,2024/01/23,True
Day 8 - Day 096/188,2024/01/24,2024/01/24,True
Day 1 - Day 097/188,2024/01/25,2024/01/25,True
Day 2 - Day 098/188,2024/01/28,2024/01/28,True
Day 3 - Day 099/188,2024/01/29,2024/01/29,True
Day 4 - Day 100/188,2024/01/30,2024/01/30,True
Day 5 - Day 101/188,2024/01/31,2024/01/31,True
Day 6 - Day 102/188,2024/02/01,2024/02/01,True
Day 7 - Day 103/188,2024/02/04,2024/02/04,True
Day 8 - Day 104/188,2024/02/05,2024/02/05,True
Day 1 - Day 105/188,2024/02/06,2024/02/06,True
Day 2 - Day 106/188,2024/02/07,2024/02/07,True
Day 3 - Day 107/188,2024/02/08,2024/02/08,True
Day 4 - Day 108/188,2024/02/11,2024/02/11,True
Day 5 - Day 109/188,2024/02/12,2024/02/12,True
Day 6 - Day 110/188,2024/02/13,2024/02/13,True
Day 7 - Day 111/188,2024/02/14,2024/02/14,True
Day 8 - Day 112/188,2024/02/15,2024/02/15,True
Day 1 - Day 113/188,2024/02/18,2024/02/18,True
Day 2 - Day 114/188,2024/02/25,2024/02/25,True
Day 3 - Day 115/188,2024/02/26,2024/02/26,True
Day 4 - Day 116/188,2024/02/27,2024/02/27,True
Day 5 - Day 117/188,2024/02/28,2024/02/28,True
Day 6 - Day 118/188,2024/02/29,2024/02/29,True
Day 7 - Day 119/188,2024/03/03,2024/03/03,True
Day 8 - Day 120/188,2024/03/04,2024/03/04,True
Day 1 - Day 121/188,2024/03/05,2024/03/05,True
Day 2 - Day 122/188,2024/03/06,2024/03/06,True
Day 3 - Day 123/188,2024/03/07,2024/03/07,True
Day 4 - Day 124/188,2024/03/10,2024/03/10,True
Day 5 - Day 125/188,2024/03/11,2024/03/11,True
Day 6 - Day 126/188,2024/03/12,2024/03/12,True
Day 7 - Day 127/188,2024/03/13,2024/03/13,True
Day 8 - Day 128/188,2024/03/14,2024/03/14,True
Day 1 - Day 129/188,2024/03/17,2024/03/17,True
Day 2 - Day 130/188,2024/03/18,2024/03/18,True
Day 3 - Day 131/188,2024/03/19,2024/03/19,True
Day 4 - Day 132/188,2024/03/20,2024/03/20,True
Day 5 - Day 133/188,2024/03/21,2024/03/21,True
Day 6 - Day 134/188,2024/03/24,2024/03/24,True
Day 7 - Day 135/188,2024/03/25,2024/03/25,True
Day 8 - Day 136/188,2024/03/26,2024/03/26,True
Day 1 - Day 137/188,2024/03/27,2024/03/27,True
Day 2 - Day 138/188,2024/03/28,2024/03/28,True
Day 3 - Day 139/188,2024/03/31,2024/03/31,True
Day 4 - Day 140/188,2024/04/07,2024/04/07,True
Day 5 - Day 141/188,2024/04/08,2024/04/08,True
Day 6 - Day 142/188,2024/04/09,2024/04/09,True
Day 7 - Day 143/188,2024/04/10,2024/04/10,True
Day 8 - Day 144/188,2024/04/11,2024/04/11,True
Day 1 - Day 145/188,2024/04/14,2024/04/14,True
Day 2 - Day 146/188,2024/04/15,2024/04/15,True
Day 3 - Day 147/188,2024/04/16,2024/04/16,True
Day 4 - Day 148/188,2024/04/17,2024/04/17,True
Day 5 - Day 149/188,2024/04/18,2024/04/18,True
Day 6 - Day 150/188,2024/04/21,2024/04/21,True
Day 7 - Day 151/188,2024/04/22,2024/04/22,True
Day 8 - Day 152/188,2024/04/23,2024/04/23,True
Day 1 - Day 153/188,2024/04/24,2024/04/24,True
Day 2 - Day 154/188,2024/04/25,2024/04/25,True
Day 3 - Day 155/188,2024/04/28,2024/04/28,True
Day 4 - Day 156/188,2024/04/29,2024/04/29,True
Day 5 - Day 157/188,2024/04/30,2024/04/30,True
Day 6 - Day 158/188,2024/05/01,2024/05/01,True
Day 7 - Day 159/188,2024/05/02,2024/05/02,True
Day 8 - Day 160/188,2024/05/05,2024/05/05,True
Day 1 - Day 161/188,2024/05/06,2024/05/06,True
Day 2 - Day 162/188,2024/05/07,2024/05/07,True
Day 3 - Day 163/188,2024/05/08,2024/05/08,True
Day 4 - Day 164/188,2024/05/12,2024/05/12,True
Day 5 - Day 165/188,2024/05/13,2024/05/13,True
Day 6 - Day 166/188,2024/05/14,2024/05/14,True
Day 7 - Day 167/188,2024/05/15,2024/05/15,True
Day 8 - Day 168/188,2024/05/16,2024/05/16,True
Day 1 - Day 169/188,2024/05/19,2024/05/19,True
Day 2 - Day 170/188,2024/05/21,2024/05/21,True
Day 3 - Day 171/188,2024/05/22,2024/05/22,True
Day 4 - Day 172/188,2024/05/23,2024/05/23,True
Day 5 - Day 173/188,2024/05/26,2024/05/26,True
Day 6 - Day 174/188,2024/05/27,2024/05/27,True
Day 7 - Day 175/188,2024/05/28,2024/05/28,True
Day 8 - Day 176/188,2024/05/29,2024/05/29,True
Day 1 - Day 177/188,2024/05/30,2024/05/30,True
Day 2 - Day 178/188,2024/06/02,2024/06/02,True
Day 3 - Day 179/188,2024/06/03,2024/06/03,True
Day 4 - Day 180/188,2024/06/04,2024/06/04,True
Day 5 - Day 181/188,2024/06/05,2024/06/05,True
Day 6 - Day 182/188,2024/06/06,2024/06/06,True
Day 7 - Day 183/188,2024/06/09,2024/06/09,True
Day 8 - Day 184/188,2024/06/10,2024/06/10,True
Day 1 - Day 185/188,2024/06/11,2024/06/11,True
Day 2 - Day 186/188,2024/06/12,2024/06/12,True
Day 3 - Day 187/188,2024/06/13,2024/06/13,True
Day 4 - Day 188/188,2024/06/16,2024/06/16,True
